{"kind":"APIGroupDiscoveryList","apiVersion":"apidiscovery.k8s.io/v2beta1","metadata":{},"items":[{"metadata":{"creationTimestamp":null},"versions":[{"version":"v1","resources":[{"resource":"bindings","responseKind":{"group":"","version":"","kind":"Binding"},"scope":"Namespaced","singularResource":"binding","verbs":["create"]},{"resource":"componentstatuses","responseKind":{"group":"","version":"","kind":"ComponentStatus"},"scope":"Cluster","singularResource":"componentstatus","verbs":["get","list"],"shortNames":["cs"]},{"resource":"configmaps","responseKind":{"group":"","version":"","kind":"ConfigMap"},"scope":"Namespaced","singularResource":"configmap","verbs":["create","delete","deletecollection","get","list","patch","update","watch"],"shortNames":["cm"]},{"resource":"endpoints","responseKind":{"group":"","version":"","kind":"Endpoints"},"scope":"Namespaced","singularResource":"endpoints","verbs":["create","delete","deletecollection","get","list","patch","update","watch"],"shortNames":["ep"]},{"resource":"events","responseKind":{"group":"","version":"","kind":"Event"},"scope":"Namespaced","singularResource":"event","verbs":["create","delete","deletecollection","get","list","patch","update","watch"],"shortNames":["ev"]},{"resource":"limitranges","responseKind":{"group":"","version":"","kind":"LimitRange"},"scope":"Namespaced","singularResource":"limitrange","verbs":["create","delete","deletecollection","get","list","patch","update","watch"],"shortNames":["limits"]},{"resource":"namespaces","responseKind":{"group":"","version":"","kind":"Namespace"},"scope":"Cluster","singularResource":"namespace","verbs":["create","delete","get","list","patch","update","watch"],"shortNames":["ns"],"subresources":[{"subresource":"finalize","responseKind":{"group":"","version":"","kind":"Namespace"},"verbs":["update"]},{"subresource":"status","responseKind":{"group":"","version":"","kind":"Namespace"},"verbs":["get","patch","update"]}]},{"resource":"nodes","responseKind":{"group":"","version":"","kind":"Node"},"scope":"Cluster","singularResource":"node","verbs":["create","delete","deletecollection","get","list","patch","update","watch"],"shortNames":["no"],"subresources":[{"subresource":"proxy","responseKind":{"group":"","version":"","kind":"NodeProxyOptions"},"verbs":["create","delete","get","patch","update"]},{"subresource":"status","responseKind":{"group":"","version":"","kind":"Node"},"verbs":["get","patch","update"]}]},{"resource":"persistentvolumeclaims","responseKind":{"group":"","version":"","kind":"PersistentVolumeClaim"},"scope":"Namespaced","singularResource":"persistentvolumeclaim","verbs":["create","delete","deletecollection","get","list","patch","update","watch"],"shortNames":["pvc"],"subresources":[{"subresource":"status","responseKind":{"group":"","version":"","kind":"PersistentVolumeClaim"},"verbs":["get","patch","update"]}]},{"resource":"persistentvolumes","responseKind":{"group":"","version":"","kind":"PersistentVolume"},"scope":"Cluster","singularResource":"persistentvolume","verbs":["create","delete","deletecollection","get","list","patch","update","watch"],"shortNames":["pv"],"subresources":[{"subresource":"status","responseKind":{"group":"","version":"","kind":"PersistentVolume"},"verbs":["get","patch","update"]}]},{"resource":"pods","responseKind":{"group":"","version":"","kind":"Pod"},"scope":"Namespaced","singularResource":"pod","verbs":["create","delete","deletecollection","get","list","patch","update","watch"],"shortNames":["po"],"categories":["all"],"subresources":[{"subresource":"attach","responseKind":{"group":"","version":"","kind":"PodAttachOptions"},"verbs":["create","get"]},{"subresource":"binding","responseKind":{"group":"","version":"","kind":"Binding"},"verbs":["create"]},{"subresource":"ephemeralcontainers","responseKind":{"group":"","version":"","kind":"Pod"},"verbs":["get","patch","update"]},{"subresource":"eviction","responseKind":{"group":"policy","version":"v1","kind":"Eviction"},"verbs":["create"]},{"subresource":"exec","responseKind":{"group":"","version":"","kind":"PodExecOptions"},"verbs":["create","get"]},{"subresource":"log","responseKind":{"group":"","version":"","kind":"Pod"},"verbs":["get"]},{"subresource":"portforward","responseKind":{"group":"","version":"","kind":"PodPortForwardOptions"},"verbs":["create","get"]},{"subresource":"proxy","responseKind":{"group":"","version":"","kind":"PodProxyOptions"},"verbs":["create","delete","get","patch","update"]},{"subresource":"status","responseKind":{"group":"","version":"","kind":"Pod"},"verbs":["get","patch","update"]}]},{"resource":"podtemplates","responseKind":{"group":"","version":"","kind":"PodTemplate"},"scope":"Namespaced","singularResource":"podtemplate","verbs":["create","delete","deletecollection","get","list","patch","update","watch"]},{"resource":"replicationcontrollers","responseKind":{"group":"","version":"","kind":"ReplicationController"},"scope":"Namespaced","singularResource":"replicationcontroller","verbs":["create","delete","deletecollection","get","list","patch","update","watch"],"shortNames":["rc"],"categories":["all"],"subresources":[{"subresource":"scale","responseKind":{"group":"autoscaling","version":"v1","kind":"Scale"},"verbs":["get","patch","update"]},{"subresource":"status","responseKind":{"group":"","version":"","kind":"ReplicationController"},"verbs":["get","patch","update"]}]},{"resource":"resourcequotas","responseKind":{"group":"","version":"","kind":"ResourceQuota"},"scope":"Namespaced","singularResource":"resourcequota","verbs":["create","delete","deletecollection","get","list","patch","update","watch"],"shortNames":["quota"],"subresources":[{"subresource":"status","responseKind":{"group":"","version":"","kind":"ResourceQuota"},"verbs":["get","patch","update"]}]},{"resource":"secrets","responseKind":{"group":"","version":"","kind":"Secret"},"scope":"Namespaced","singularResource":"secret","verbs":["create","delete","deletecollection","get","list","patch","update","watch"]},{"resource":"serviceaccounts","responseKind":{"group":"","version":"","kind":"ServiceAccount"},"scope":"Namespaced","singularResource":"serviceaccount","verbs":["create","delete","deletecollection","get","list","patch","update","watch"],"shortNames":["sa"],"subresources":[{"subresource":"token","responseKind":{"group":"authentication.k8s.io","version":"v1","kind":"TokenRequest"},"verbs":["create"]}]},{"resource":"services","responseKind":{"group":"","version":"","kind":"Service"},"scope":"Namespaced","singularResource":"service","verbs":["create","delete","deletecollection","get","list","patch","update","watch"],"shortNames":["svc"],"categories":["all"],"subresources":[{"subresource":"proxy","responseKind":{"group":"","version":"","kind":"ServiceProxyOptions"},"verbs":["create","delete","get","patch","update"]},{"subresource":"status","responseKind":{"group":"","version":"","kind":"Service"},"verbs":["get","patch","update"]}]}],"freshness":"Current"}]}]}
